{"eval/episode_reward/pose":-5.324517250061035,"_wandb":{"runtime":1119},"training/total_loss":0.11982731521129608,"eval/episode_reward/energy_std":0,"eval/episode_reward/orientation":651.2269287109375,"training/v_loss":7.388932317553554e-06,"eval/episode_reward/stay_still_std":140.74005126953125,"eval/episode_reward/torques_std":0,"eval/episode_reward/dof_acc":0,"eval/episode_reward/energy":0,"eval/episode_reward_std":4.697925090789795,"training/policy_loss":0.008818482048809528,"_runtime":1119.305042791,"_timestamp":1.7648299686764536e+09,"eval/episode_reward/action_rate":0,"eval/episode_reward/dof_acc_std":0,"eval/sps":51316.36739577644,"training/entropy_loss":0.11100144684314728,"training/walltime":948.200236082077,"_step":106496000,"eval/episode_reward/orientation_std":183.65777587890625,"eval/walltime":131.13225936889648,"eval/episode_reward":11.05081558227539,"eval/episode_reward/pose_std":1.7958295345306396,"eval/episode_reward/termination_std":0,"eval/episode_reward/torques":0,"training/sps":1.1008599610563018e+06,"eval/episode_reward/dof_pos_limits":-41.91933059692383,"eval/episode_reward/action_rate_std":0,"eval/epoch_eval_time":1.2471654415130615,"eval/episode_reward/termination":0,"eval/avg_episode_length":500,"eval/episode_reward/dof_pos_limits_std":25.07820701599121,"eval/std_episode_length":0,"eval/episode_reward/stay_still":-154.62356567382812}