{"eval/episode_reward/torques_std":0,"training/policy_loss":0.022587202489376068,"eval/episode_reward_std":5.313780307769775,"eval/episode_reward/energy":0,"_timestamp":1.7648276086004195e+09,"eval/episode_reward/torques":0,"eval/episode_reward/dof_pos_limits":-40.246429443359375,"eval/std_episode_length":0,"eval/episode_reward/energy_std":0,"eval/episode_reward/orientation":638.6546630859375,"eval/episode_reward/pose_std":1.4771668910980225,"training/sps":1.2070263932944185e+06,"eval/episode_reward/stay_still":-190.09857177734375,"eval/episode_reward/pose":-4.387033462524414,"training/total_loss":0.15288013219833374,"eval/episode_reward/termination":0,"eval/episode_reward/action_rate_std":0,"eval/episode_reward/dof_acc_std":0,"eval/episode_reward/termination_std":0,"_step":75366400,"eval/episode_reward/orientation_std":199.93197631835938,"eval/episode_reward":10.464900970458984,"eval/episode_reward/dof_acc":0,"training/entropy_loss":0.13028839230537415,"_wandb":{"runtime":818},"training/v_loss":4.551239726424683e-06,"_runtime":818.884309927,"training/walltime":670.8732461929321,"eval/episode_reward/action_rate":0,"eval/episode_reward/dof_pos_limits_std":21.649351119995117,"eval/walltime":106.50567603111267,"eval/episode_reward/stay_still_std":174.04502868652344,"eval/epoch_eval_time":1.206244707107544,"eval/sps":53057.227627937704,"eval/avg_episode_length":500}