{"eval/episode_reward/stay_still_std":1573.149658203125,"_wandb":{"runtime":395},"eval/episode_reward/pose_std":0,"eval/episode_reward/energy":0,"eval/std_episode_length":47.07587432861328,"eval/walltime":93.49165034294128,"eval/episode_reward/pose":0,"training/entropy_loss":0.10844527184963226,"_timestamp":1.7648145002246845e+09,"eval/episode_reward/stay_still":-1361.890380859375,"eval/episode_reward/dof_acc_std":0,"eval/episode_reward":11.1771240234375,"eval/episode_reward/dof_acc":0,"eval/episode_reward/dof_pos_limits":-193.98709106445312,"training/total_loss":0.13013699650764465,"eval/episode_reward/termination_std":0.15128840506076813,"eval/sps":55946.72924202924,"eval/avg_episode_length":992.953125,"eval/episode_reward/dof_pos_limits_std":104.77240753173828,"eval/episode_reward/action_rate_std":0,"eval/episode_reward_std":7.196734428405762,"training/walltime":275.53010988235474,"_runtime":395.838583237,"training/policy_loss":0.021679673343896866,"eval/episode_reward/action_rate":0,"eval/epoch_eval_time":2.287890672683716,"eval/episode_reward/termination":-0.0234375,"eval/episode_reward/energy_std":0,"_step":27852800,"eval/episode_reward/orientation":968.8006591796875,"eval/episode_reward/torques":0,"eval/episode_reward/torques_std":0,"training/v_loss":1.2051786143274512e-05,"eval/episode_reward/orientation_std":258.71966552734375,"training/sps":1.214190459662579e+06}