{"eval/walltime":80.32106399536133,"eval/epoch_eval_time":1.2912945747375488,"eval/episode_reward/termination":-0.171875,"eval/episode_reward/pose_std":0,"eval/episode_reward/dof_pos_limits":-47.721649169921875,"eval/episode_reward/torques_std":0,"training/policy_loss":0.02522379159927368,"eval/episode_reward/dof_pos_limits_std":23.108394622802734,"eval/episode_reward/orientation":562.4388427734375,"training/v_loss":3.614982006183709e-06,"eval/sps":49562.66467162056,"eval/episode_reward/dof_acc":0,"eval/episode_reward/termination_std":0.37727177143096924,"_wandb":{"runtime":475},"training/total_loss":0.15962134301662445,"eval/avg_episode_length":481.265625,"eval/episode_reward/pose":0,"eval/episode_reward/dof_acc_std":0,"training/walltime":362.94477581977844,"eval/episode_reward_std":5.005739212036133,"eval/episode_reward/action_rate_std":0,"eval/episode_reward/stay_still_std":145.27017211914062,"training/sps":1.1170887057765564e+06,"eval/episode_reward/energy":0,"_timestamp":1.764811937129654e+09,"_step":37683200,"eval/episode_reward/action_rate":0,"eval/episode_reward/energy_std":0,"_runtime":475.559555966,"eval/episode_reward/torques":0,"training/entropy_loss":0.13439393043518066,"eval/std_episode_length":50.23685836791992,"eval/episode_reward":8.662099838256836,"eval/episode_reward/orientation_std":199.28369140625,"eval/episode_reward/stay_still":-202.9393310546875}