{"eval/episode_reward/termination":0,"_step":26214400,"eval/episode_reward_std":4.0686354637146,"training/entropy_loss":0.09698031842708588,"eval/walltime":72.01576399803162,"eval/episode_reward/torques_std":0,"eval/episode_reward/stay_still_std":172.5447540283203,"training/sps":1.1960101260641168e+06,"eval/episode_reward/energy_std":0,"eval/episode_reward/dof_acc_std":0,"eval/episode_reward":7.40463924407959,"eval/episode_reward/dof_pos_limits_std":21.896766662597656,"eval/std_episode_length":0,"eval/episode_reward/pose":6.400110244750977,"eval/episode_reward/pose_std":2.2434182167053223,"_runtime":359.814167437,"eval/episode_reward/torques":0,"eval/epoch_eval_time":1.1453003883361816,"training/walltime":259.5170793533325,"eval/episode_reward/orientation_std":169.03721618652344,"_wandb":{"runtime":359},"eval/episode_reward/termination_std":0,"eval/episode_reward/dof_pos_limits":-61.992523193359375,"eval/episode_reward/stay_still":-169.2843017578125,"training/policy_loss":0.012594940140843391,"training/v_loss":1.186036297440296e-05,"training/total_loss":0.10958711802959442,"_timestamp":1.7648254294241714e+09,"eval/episode_reward/orientation":474.0072326660156,"eval/episode_reward/dof_acc":0,"eval/episode_reward/action_rate":0,"eval/sps":55880.53636563859,"eval/episode_reward/energy":0,"eval/avg_episode_length":500,"eval/episode_reward/action_rate_std":0}