{"training/sps":1.2291126039195613e+06,"eval/episode_reward/action_rate":0,"eval/episode_reward/stay_still_std":19.059919357299805,"eval/episode_reward/dof_acc_std":0,"training/policy_loss":-1.3533081073546782e-05,"eval/episode_reward/orientation_std":212.13937377929688,"eval/sps":56102.97507133165,"eval/episode_reward":1.8285086154937744,"training/entropy_loss":-0.06234172731637955,"eval/std_episode_length":0,"eval/episode_reward/dof_acc":0,"eval/episode_reward/energy_std":0,"training/walltime":229.2982792854309,"eval/epoch_eval_time":1.1407594680786133,"eval/episode_reward/pose":0,"eval/episode_reward/termination_std":0,"eval/episode_reward/termination":0,"eval/episode_reward/torques_std":0,"_step":22937600,"eval/avg_episode_length":500,"_wandb":{"runtime":327},"eval/episode_reward_std":2.742631673812866,"eval/episode_reward/stay_still":-56.27604293823242,"eval/episode_reward/dof_pos_limits_std":178.21591186523438,"_timestamp":1.7648168169075222e+09,"eval/episode_reward/energy":0,"eval/episode_reward/pose_std":0,"training/v_loss":4.80423840455852e+17,"training/total_loss":4.80423840455852e+17,"_runtime":327.73585091,"eval/episode_reward/orientation":288.4254455566406,"eval/episode_reward/action_rate_std":0,"eval/episode_reward/torques":0,"eval/episode_reward/dof_pos_limits":-395.3753662109375,"eval/walltime":68.34739375114441}