{"eval/episode_reward/torques_std":0,"eval/episode_reward/dof_pos_limits":-46.92628479003906,"eval/episode_reward/energy_std":0,"eval/episode_reward/action_rate":0,"eval/episode_reward/termination_std":0,"eval/episode_reward/pose_std":0,"_wandb":{"runtime":403},"eval/episode_reward":9.788764953613281,"eval/std_episode_length":0,"training/policy_loss":0.03137250989675522,"training/v_loss":9.985683573177084e-05,"training/walltime":297.4765565395355,"eval/episode_reward/dof_pos_limits_std":23.85169792175293,"training/sps":1.21169222670243e+06,"eval/episode_reward/orientation":606.5435791015625,"eval/episode_reward/termination":0,"eval/episode_reward/action_rate_std":0,"eval/episode_reward/torques":0,"_step":31129600,"training/entropy_loss":0.10381356626749039,"eval/episode_reward/stay_still":-376.086181640625,"eval/episode_reward/dof_acc":0,"eval/avg_episode_length":500,"eval/epoch_eval_time":1.157280683517456,"eval/walltime":74.12152743339539,"eval/episode_reward/dof_acc_std":0,"training/total_loss":0.13528594374656677,"_timestamp":1.7648157138386178e+09,"_runtime":403.961465814,"eval/episode_reward_std":5.973453998565674,"eval/episode_reward/orientation_std":238.79075622558594,"eval/episode_reward/energy":0,"eval/episode_reward/stay_still_std":506.2098693847656,"eval/sps":55302.05499108259,"eval/episode_reward/pose":0}