{"eval/episode_reward/energy":0,"eval/episode_reward/torques_std":0,"training/walltime":324.2096598148346,"eval/sps":56274.32584023515,"eval/episode_reward":6.958984851837158,"eval/avg_episode_length":500,"eval/episode_reward/pose_std":0,"eval/walltime":75.85857796669006,"_step":34406400,"eval/episode_reward/action_rate":0,"training/policy_loss":0.009412337094545364,"eval/episode_reward/dof_acc_std":0,"eval/episode_reward/dof_pos_limits":-87.60628509521484,"eval/episode_reward/energy_std":0,"eval/episode_reward/termination":0,"eval/episode_reward_std":4.553805828094482,"eval/episode_reward/torques":0,"_timestamp":1.7648212464827836e+09,"training/sps":1.2144185509147793e+06,"eval/episode_reward/dof_acc":0,"eval/episode_reward/pose":0,"eval/episode_reward/stay_still_std":261.6801452636719,"eval/episode_reward/termination_std":0,"eval/std_episode_length":0,"training/entropy_loss":0.09929976612329483,"eval/episode_reward/dof_pos_limits_std":38.83487319946289,"eval/episode_reward/action_rate_std":0,"_wandb":{"runtime":432},"eval/episode_reward/stay_still":-305.89813232421875,"eval/episode_reward/orientation":504.2320556640625,"eval/epoch_eval_time":1.1372859477996826,"_runtime":432.59140942,"training/v_loss":2.013278572121635e-05,"eval/episode_reward/orientation_std":191.7104034423828,"training/total_loss":0.10873223096132278}