{"eval/episode_reward/torques_std":0,"eval/episode_reward/pose_std":2.929492950439453,"eval/episode_reward/dof_pos_limits_std":45.26264953613281,"eval/episode_reward/orientation":531.96923828125,"training/total_loss":0.10968578606843948,"eval/episode_reward/energy_std":0,"eval/episode_reward/energy":0,"eval/episode_reward/termination_std":0,"_runtime":432.729790163,"eval/std_episode_length":0,"eval/episode_reward/orientation_std":142.89041137695312,"eval/avg_episode_length":500,"training/entropy_loss":0.10736335813999176,"_timestamp":1.7648288471904652e+09,"eval/episode_reward/dof_pos_limits":-104.51549530029297,"_wandb":{"runtime":432},"training/sps":1.2039185242285193e+06,"eval/episode_reward/pose":-7.901984691619873,"eval/episode_reward/action_rate_std":0,"_step":34406400,"training/policy_loss":0.0022317254915833473,"eval/episode_reward/dof_acc":0,"eval/walltime":77.4708092212677,"eval/episode_reward/torques":0,"eval/episode_reward_std":3.702012777328491,"eval/epoch_eval_time":1.1394472122192383,"eval/episode_reward/stay_still":-257.0980224609375,"training/v_loss":9.0699628344737e-05,"training/walltime":327.79737973213196,"eval/episode_reward/dof_acc_std":0,"eval/episode_reward/action_rate":0,"eval/episode_reward":6.730506896972656,"eval/episode_reward/stay_still_std":170.03335571289062,"eval/episode_reward/termination":0,"eval/sps":56167.58662768654}