{"training/policy_loss":0.009360862895846367,"eval/episode_reward/dof_acc":0,"eval/episode_reward/action_rate":0,"eval/episode_reward/stay_still_std":719.6776733398438,"eval/episode_reward/stay_still":-624.0695190429688,"_wandb":{"runtime":885},"_runtime":885.084884431,"eval/episode_reward/energy_std":0,"eval/episode_reward/orientation_std":216.62454223632812,"eval/episode_reward/pose_std":0,"eval/episode_reward/termination":0,"eval/epoch_eval_time":1.1356747150421143,"eval/episode_reward/pose":0,"eval/episode_reward/termination_std":0,"eval/avg_episode_length":500,"eval/episode_reward/torques_std":0,"eval/episode_reward_std":5.778317451477051,"eval/episode_reward/energy":0,"_step":85196800,"eval/episode_reward":8.990201950073242,"_timestamp":1.764820591166111e+09,"eval/episode_reward/dof_pos_limits":-62.257118225097656,"eval/episode_reward/torques":0,"eval/sps":56354.164755377766,"eval/episode_reward/dof_pos_limits_std":44.080745697021484,"eval/episode_reward/action_rate_std":0,"training/sps":1.2093540647857594e+06,"training/total_loss":0.147917702794075,"training/v_loss":1.3879674042982515e-05,"eval/episode_reward/dof_acc_std":0,"eval/walltime":111.02988648414612,"eval/episode_reward/orientation":590.7760009765625,"training/walltime":742.0734307765961,"training/entropy_loss":0.13854296505451202,"eval/std_episode_length":0}