{"eval/episode_reward/dof_acc_std":0,"eval/episode_reward/pose":0,"eval/episode_reward/energy_std":0,"eval/std_episode_length":0,"_timestamp":1.7648172437462184e+09,"training/sps":1.2157645944787378e+06,"eval/episode_reward/dof_pos_limits_std":29.980430603027344,"eval/episode_reward/torques_std":0,"_runtime":412.810783617,"training/entropy_loss":0.0872490182518959,"eval/epoch_eval_time":1.138751745223999,"eval/episode_reward/stay_still_std":274.0606384277344,"_step":32768000,"eval/episode_reward/energy":0,"eval/episode_reward/pose_std":0,"eval/avg_episode_length":500,"training/v_loss":3.085307980654761e-05,"eval/episode_reward/action_rate_std":0,"eval/episode_reward/termination_std":0,"eval/episode_reward":6.538718223571777,"eval/episode_reward/orientation":488.58782958984375,"eval/episode_reward/stay_still":-352.7005310058594,"eval/episode_reward/dof_acc":0,"eval/episode_reward/torques":0,"_wandb":{"runtime":412},"training/total_loss":0.09516564011573792,"eval/sps":56201.889716894206,"eval/episode_reward/termination":0,"eval/episode_reward_std":4.2808942794799805,"training/walltime":310.77027106285095,"eval/episode_reward/action_rate":0,"eval/episode_reward/dof_pos_limits":-86.35920715332031,"training/policy_loss":0.00788576528429985,"eval/walltime":75.06028652191162,"eval/episode_reward/orientation_std":179.47323608398438}