{"_timestamp":1.7648229290260417e+09,"eval/episode_reward/dof_acc":0,"eval/episode_reward/dof_pos_limits":-83.21065521240234,"eval/episode_reward/torques":0,"eval/episode_reward/energy_std":0,"eval/episode_reward":12.882383346557617,"training/v_loss":1.557541145302821e-05,"eval/sps":55601.80611576366,"training/walltime":1438.0024361610413,"eval/episode_reward/action_rate_std":0,"eval/std_episode_length":0,"eval/episode_reward/pose":0,"training/entropy_loss":0.12895864248275757,"eval/episode_reward/dof_acc_std":0,"eval/episode_reward/pose_std":0,"eval/episode_reward/termination_std":0,"eval/epoch_eval_time":1.1510417461395264,"eval/episode_reward/torques_std":0,"_wandb":{"runtime":1651},"eval/avg_episode_length":500,"eval/episode_reward/orientation_std":303.48114013671875,"training/sps":1.2086134543691305e+06,"eval/episode_reward/stay_still":-207.4855499267578,"training/policy_loss":0.017559777945280075,"eval/episode_reward/stay_still_std":203.74252319335938,"eval/episode_reward/action_rate":0,"eval/episode_reward/dof_pos_limits_std":34.476234436035156,"eval/episode_reward/termination":0,"eval/episode_reward/energy":0,"eval/walltime":170.88668251037598,"eval/episode_reward/orientation":789.1715087890625,"eval/episode_reward_std":7.344827175140381,"training/total_loss":0.1465339958667755,"_runtime":1651.467372569,"_step":168755200}