{"training/walltime":192.74107336997986,"eval/episode_reward_std":2.218125820159912,"eval/episode_reward/torques":0,"eval/episode_reward/termination_std":0,"eval/episode_reward/termination":0,"_step":18022400,"eval/episode_reward/energy_std":0,"eval/episode_reward/dof_pos_limits":-632.563720703125,"training/v_loss":7.651922324488192e+16,"eval/episode_reward/energy":0,"training/entropy_loss":-0.07151605188846588,"eval/episode_reward/dof_acc_std":0,"eval/episode_reward/dof_acc":0,"training/sps":1.2038478707304199e+06,"eval/episode_reward/stay_still":-4.756569862365723,"_wandb":{"runtime":296},"eval/episode_reward/action_rate_std":0,"eval/episode_reward/action_rate":0,"eval/episode_reward/stay_still_std":2.965397596359253,"eval/episode_reward":1.3789490461349487,"eval/episode_reward/orientation_std":185.1465301513672,"eval/episode_reward/orientation":241.17880249023438,"eval/walltime":67.1617317199707,"training/policy_loss":-5.084644726593979e-06,"eval/sps":50494.62888246106,"eval/episode_reward/torques_std":0,"_runtime":296.020179649,"eval/avg_episode_length":500,"eval/episode_reward/pose_std":34.3162727355957,"eval/episode_reward/pose":184.0751190185547,"eval/epoch_eval_time":1.2674615383148193,"_timestamp":1.764825042706413e+09,"eval/std_episode_length":0,"eval/episode_reward/dof_pos_limits_std":111.52965545654297,"training/total_loss":7.651922324488192e+16}