{"eval/avg_episode_length":500,"training/entropy_loss":0.09464658796787262,"eval/episode_reward/action_rate":0,"_timestamp":1.764825768617538e+09,"_wandb":{"runtime":321},"eval/episode_reward/dof_acc_std":0,"eval/episode_reward/dof_acc":0,"eval/walltime":69.6494414806366,"training/v_loss":1.901535506476648e-05,"eval/episode_reward/torques":0,"eval/episode_reward/termination":0,"eval/episode_reward":8.820330619812012,"eval/epoch_eval_time":1.1741349697113037,"eval/episode_reward/pose_std":0.22096793353557587,"_step":21299200,"eval/episode_reward/stay_still_std":195.2830810546875,"eval/episode_reward/orientation_std":192.22360229492188,"eval/sps":54508.21383485096,"eval/episode_reward/torques_std":0,"_runtime":321.658344037,"eval/episode_reward/dof_pos_limits_std":24.76963996887207,"training/walltime":220.9526288509369,"training/policy_loss":0.021592624485492706,"eval/episode_reward/energy":0,"eval/episode_reward/orientation":548.79345703125,"training/total_loss":0.11625822633504868,"eval/std_episode_length":0,"eval/episode_reward/action_rate_std":0,"eval/episode_reward/pose":0.5013632774353027,"eval/episode_reward/energy_std":0,"eval/episode_reward/termination_std":0,"eval/episode_reward/stay_still":-183.1208953857422,"eval/episode_reward_std":4.701436996459961,"eval/episode_reward/dof_pos_limits":-59.110286712646484,"training/sps":1.197561235386531e+06}