{"eval/episode_reward_std":4.8055195808410645,"eval/episode_reward/action_rate_std":0,"training/walltime":192.579017162323,"training/policy_loss":0.016293823719024658,"eval/episode_reward/dof_pos_limits":-42.936859130859375,"eval/episode_reward/dof_acc":0,"eval/episode_reward/dof_pos_limits_std":18.77379608154297,"eval/episode_reward/termination":0,"_timestamp":1.764826416684886e+09,"training/total_loss":0.1111581027507782,"eval/episode_reward/energy":0,"eval/sps":55974.95555854438,"_wandb":{"runtime":286},"training/entropy_loss":0.09485752880573273,"eval/episode_reward/energy_std":0,"eval/episode_reward/torques":0,"eval/episode_reward/pose":3.5640435218811035,"eval/episode_reward/stay_still_std":186.49644470214844,"training/sps":1.2088173401172098e+06,"eval/walltime":66.4273316860199,"eval/episode_reward":9.066693305969238,"eval/episode_reward/pose_std":0.9854364991188049,"eval/episode_reward/dof_acc_std":0,"eval/epoch_eval_time":1.1433684825897217,"_runtime":286.944320404,"eval/episode_reward/orientation":593.78515625,"training/v_loss":6.75160663377028e-06,"eval/episode_reward/termination_std":0,"eval/episode_reward/torques_std":0,"eval/std_episode_length":0,"_step":18022400,"eval/episode_reward/orientation_std":175.3557891845703,"eval/episode_reward/stay_still":-262.1865234375,"eval/avg_episode_length":500,"eval/episode_reward/action_rate":0}