{"eval/episode_reward/dof_acc":0,"eval/episode_reward/termination_std":0,"_step":45875200,"training/entropy_loss":0.10307122021913528,"eval/episode_reward/energy":0,"_wandb":{"runtime":551},"eval/episode_reward/dof_acc_std":0,"eval/sps":55607.231133947666,"eval/episode_reward/torques_std":0,"training/v_loss":3.1632938771508634e-05,"training/sps":1.1949729500719388e+06,"eval/episode_reward/pose":0,"eval/avg_episode_length":500,"eval/episode_reward/action_rate":0,"training/walltime":428.2643496990204,"eval/episode_reward/dof_pos_limits":-132.5928497314453,"eval/episode_reward/energy_std":0,"eval/episode_reward_std":3.659971237182617,"eval/walltime":86.62815117835999,"eval/episode_reward":6.6562957763671875,"eval/episode_reward/stay_still_std":242.0961456298828,"eval/episode_reward/torques":0,"training/total_loss":0.10145803540945053,"eval/episode_reward/orientation":535.5419311523438,"eval/episode_reward/orientation_std":132.21543884277344,"eval/episode_reward/stay_still":-291.9292907714844,"training/policy_loss":-0.0016448184615001082,"_timestamp":1.7648150592569306e+09,"_runtime":551.200768391,"eval/epoch_eval_time":1.1509294509887695,"eval/episode_reward/pose_std":0,"eval/episode_reward/dof_pos_limits_std":50.31229019165039,"eval/episode_reward/action_rate_std":0,"eval/episode_reward/termination":0,"eval/std_episode_length":0}