{"eval/episode_reward/dof_pos_limits":-52.908897399902344,"eval/episode_reward/dof_acc":0,"eval/epoch_eval_time":1.1327695846557617,"training/walltime":592.3302867412567,"training/entropy_loss":0.15410450100898743,"eval/episode_reward/stay_still":-656.29736328125,"_step":67174400,"eval/episode_reward_std":5.849001407623291,"training/sps":1.2261679059169476e+06,"eval/episode_reward/termination":0,"eval/walltime":98.44929194450378,"_timestamp":1.764819682627585e+09,"eval/episode_reward/termination_std":0,"eval/episode_reward":8.955984115600586,"_runtime":732.218631885,"eval/avg_episode_length":500,"eval/episode_reward/dof_acc_std":0,"eval/episode_reward/stay_still_std":1072.858154296875,"eval/episode_reward/energy_std":0,"eval/episode_reward/pose_std":0,"eval/episode_reward/torques":0,"eval/episode_reward/action_rate":0,"training/v_loss":1.0876841770368628e-05,"eval/episode_reward/energy":0,"training/policy_loss":0.008499903604388237,"eval/episode_reward/pose":0,"eval/episode_reward/action_rate_std":0,"eval/sps":56498.69211438001,"eval/episode_reward/orientation_std":225.80853271484375,"_wandb":{"runtime":732},"eval/std_episode_length":0,"eval/episode_reward/orientation":571.3525390625,"eval/episode_reward/dof_pos_limits_std":28.9601993560791,"eval/episode_reward/torques_std":0,"training/total_loss":0.16261526942253113}