{"eval/episode_reward/stay_still_std":167.76824951171875,"eval/episode_reward/termination":-0.0859375,"eval/episode_reward/orientation_std":173.93829345703125,"_runtime":1281.806394233,"eval/episode_reward/pose":0,"eval/episode_reward/action_rate_std":0,"eval/episode_reward/energy_std":0,"eval/episode_reward_std":4.207303524017334,"_timestamp":1.7648105624928071e+09,"eval/episode_reward/action_rate":0,"training/sps":1.1923068682568956e+06,"training/entropy_loss":0.140696182847023,"eval/episode_reward/energy":0,"eval/episode_reward/dof_pos_limits_std":27.37662124633789,"eval/avg_episode_length":486.46875,"_step":126156800,"training/walltime":1101.3214764595032,"eval/episode_reward/torques":0,"eval/walltime":142.20629382133484,"eval/episode_reward/dof_pos_limits":-61.82988739013672,"eval/episode_reward/stay_still":-154.20166015625,"eval/episode_reward/torques_std":0,"eval/epoch_eval_time":1.2778377532958984,"eval/episode_reward/pose_std":0,"eval/episode_reward":9.77096176147461,"training/policy_loss":0.015758521854877472,"training/total_loss":0.1564589887857437,"training/v_loss":4.287722731532995e-06,"eval/episode_reward/dof_acc":0,"eval/episode_reward/dof_acc_std":0,"_wandb":{"runtime":1281},"eval/std_episode_length":49.056396484375,"eval/sps":50084.605682471214,"eval/episode_reward/orientation":598.92236328125,"eval/episode_reward/termination_std":0.2802717387676239}