{"_timestamp":1.7648260978599894e+09,"eval/episode_reward/stay_still":-229.20639038085938,"eval/episode_reward":9.277626037597656,"_wandb":{"runtime":267},"eval/episode_reward/pose_std":0.10370716452598572,"training/sps":1.2095269051557884e+06,"training/v_loss":1.6006895748432726e-05,"_runtime":267.581563804,"eval/episode_reward/dof_pos_limits":-47.932289123535156,"eval/episode_reward/orientation":593.80078125,"eval/episode_reward/pose":0.33943596482276917,"eval/episode_reward/termination":0,"eval/episode_reward/dof_pos_limits_std":24.170034408569336,"training/total_loss":0.09421753138303757,"eval/avg_episode_length":500,"eval/episode_reward/torques_std":0,"eval/episode_reward/orientation_std":175.94818115234375,"training/walltime":165.472158908844,"eval/episode_reward/energy":0,"_step":14745600,"eval/episode_reward/action_rate_std":0,"eval/epoch_eval_time":1.1698005199432373,"training/policy_loss":0.018118638545274734,"training/entropy_loss":0.07608288526535034,"eval/walltime":63.840670347213745,"eval/sps":54710.18255583054,"eval/episode_reward/dof_acc_std":0,"eval/episode_reward/energy_std":0,"eval/episode_reward/torques":0,"eval/episode_reward_std":4.80453634262085,"eval/episode_reward/termination_std":0,"eval/std_episode_length":0,"eval/episode_reward/stay_still_std":187.4932861328125,"eval/episode_reward/action_rate":0,"eval/episode_reward/dof_acc":0}