{"eval/episode_reward/torques":0,"eval/episode_reward/dof_acc_std":0,"eval/episode_reward/stay_still_std":188.29637145996094,"eval/episode_reward/dof_pos_limits":-62.0947265625,"eval/sps":55477.86107772798,"eval/episode_reward/orientation":713.2400512695312,"eval/episode_reward/dof_pos_limits_std":50.147972106933594,"training/sps":1.2233357111182516e+06,"eval/episode_reward/energy":0,"eval/epoch_eval_time":1.1536133289337158,"_wandb":{"runtime":505},"_runtime":505.286656759,"training/total_loss":0.13482120633125305,"_step":42598400,"eval/episode_reward/action_rate":0,"eval/episode_reward/action_rate_std":0,"eval/episode_reward/orientation_std":253.8468017578125,"training/policy_loss":0.010959922336041927,"training/entropy_loss":0.1238524317741394,"training/v_loss":8.852078281051945e-06,"eval/episode_reward/pose_std":0,"eval/std_episode_length":0,"eval/episode_reward/termination_std":0,"eval/episode_reward/energy_std":0,"eval/episode_reward_std":6.1913299560546875,"eval/walltime":82.00889658927917,"_timestamp":1.764818086799368e+09,"eval/episode_reward/pose":0,"eval/episode_reward/termination":0,"eval/avg_episode_length":500,"eval/episode_reward/torques_std":0,"eval/episode_reward/dof_acc":0,"eval/episode_reward/stay_still":-138.84005737304688,"eval/episode_reward":12.509756088256836,"training/walltime":390.3446035385132}