{"eval/episode_reward/energy_std":0,"eval/episode_reward/termination":0,"eval/episode_reward/dof_pos_limits":-780.701904296875,"eval/episode_reward/torques_std":0,"eval/episode_reward_std":3.4071874618530273,"training/sps":1.2162579947802455e+06,"eval/sps":49375.44014027836,"eval/episode_reward/torques":0,"eval/episode_reward/dof_acc":0,"eval/episode_reward/pose":1110.782470703125,"_wandb":{"runtime":412},"eval/episode_reward/termination_std":0,"eval/episode_reward":11.220073699951172,"training/entropy_loss":-0.07140576839447021,"eval/episode_reward/dof_acc_std":0,"eval/episode_reward/pose_std":31.275802612304688,"eval/episode_reward/stay_still_std":1.6628652811050415,"_timestamp":1.7648244637452526e+09,"eval/episode_reward/stay_still":-3.994551658630371,"eval/episode_reward/action_rate_std":0,"training/v_loss":4.638664515335802e+19,"training/total_loss":4.638664515335802e+19,"_step":31129600,"eval/std_episode_length":0,"eval/epoch_eval_time":1.2961909770965576,"eval/episode_reward/dof_pos_limits_std":26.251779556274414,"eval/episode_reward/action_rate":0,"training/walltime":303.1800608634949,"_runtime":412.971412936,"eval/avg_episode_length":500,"training/policy_loss":4.13763473261497e-06,"eval/walltime":77.79722833633423,"eval/episode_reward/orientation":234.88314819335938,"eval/episode_reward/orientation_std":178.3758544921875,"eval/episode_reward/energy":0}